"variable","relative_importance","scaled_importance","percentage"
"snp_count",1,1,0.245326310279991
"mean_beta",0.806638658046722,0.806638658046722,0.197889685707805
"log2FC",0.799603044986725,0.799603044986725,0.196163664715238
"de_p",0.783133804798126,0.783133804798126,0.192123326786655
"min_p",0.686828136444092,0.686828136444092,0.168497012510311
